-- phpMyAdmin SQL Dump
-- version 4.8.4
-- https://www.phpmyadmin.net/
--
-- Host: 127.0.0.1
-- Generation Time: Nov 13, 2019 at 10:16 AM
-- Server version: 10.1.37-MariaDB
-- PHP Version: 7.3.1

SET SQL_MODE = "NO_AUTO_VALUE_ON_ZERO";
SET AUTOCOMMIT = 0;
START TRANSACTION;
SET time_zone = "+00:00";


/*!40101 SET @OLD_CHARACTER_SET_CLIENT=@@CHARACTER_SET_CLIENT */;
/*!40101 SET @OLD_CHARACTER_SET_RESULTS=@@CHARACTER_SET_RESULTS */;
/*!40101 SET @OLD_COLLATION_CONNECTION=@@COLLATION_CONNECTION */;
/*!40101 SET NAMES utf8mb4 */;

--
-- Database: `foodcashier`
--

-- --------------------------------------------------------

--
-- Table structure for table `ci_sessions`
--

CREATE TABLE `ci_sessions` (
  `id` varchar(128) NOT NULL,
  `ip_address` varchar(45) NOT NULL,
  `timestamp` int(10) UNSIGNED NOT NULL DEFAULT '0',
  `data` blob NOT NULL
) ENGINE=InnoDB DEFAULT CHARSET=latin1;

--
-- Dumping data for table `ci_sessions`
--

INSERT INTO `ci_sessions` (`id`, `ip_address`, `timestamp`, `data`) VALUES
('vov8l8qrocq68numf4vb2pnti8slonkc', '::1', 1573451581, 0x5f5f63695f6c6173745f726567656e65726174657c693a313537333435313538313b),
('8ebd3g8fj17cuotg3ujk6aja9fiep43v', '::1', 1573451960, 0x5f5f63695f6c6173745f726567656e65726174657c693a313537333435313936303b),
('d08qf64s9k1vi0pgefjpvapd7ggkb5k9', '::1', 1573452384, 0x5f5f63695f6c6173745f726567656e65726174657c693a313537333435323338343b),
('99c5ist4nqf77b3pp0jce202d31ofckm', '::1', 1573452702, 0x5f5f63695f6c6173745f726567656e65726174657c693a313537333435323730323b),
('de85de0nqbvepnedn6iipg87mrv79bhk', '::1', 1573452813, 0x5f5f63695f6c6173745f726567656e65726174657c693a313537333435323730323b),
('hjmoun658ntg4imuf1lq0m8nlckg6fem', '::1', 1573475436, 0x5f5f63695f6c6173745f726567656e65726174657c693a313537333437353433363b),
('odan0v5jf68tkapktvn8vpj61vvfou9s', '::1', 1573475448, 0x5f5f63695f6c6173745f726567656e65726174657c693a313537333437353433363b),
('2b2pinibanv0o8073ke2vl5ru2guhmfe', '::1', 1573487144, 0x5f5f63695f6c6173745f726567656e65726174657c693a313537333438373134343b),
('ub5bkbbhdgd6b9b53l924nh4ggb4t0m5', '::1', 1573621628, 0x5f5f63695f6c6173745f726567656e65726174657c693a313537333632313632383b),
('h4c2lno2hul14v05ru40popuo00a32bt', '::1', 1573621905, 0x5f5f63695f6c6173745f726567656e65726174657c693a313537333632313930353b),
('68oi6ugrmd51rs3sla2c6clke6cdk59t', '::1', 1573622140, 0x5f5f63695f6c6173745f726567656e65726174657c693a313537333632323134303b),
('ijd4un577fc2tk9uj78k0tm7cpdh70or', '::1', 1573622274, 0x5f5f63695f6c6173745f726567656e65726174657c693a313537333632323237343b),
('h42q8ti2dd8jbh196rdqu8s91kj6m425', '::1', 1573623560, 0x5f5f63695f6c6173745f726567656e65726174657c693a313537333632333536303b),
('alie25i2ji2kg2dkqkk4800bpg9998dd', '::1', 1573623886, 0x5f5f63695f6c6173745f726567656e65726174657c693a313537333632333838363b),
('rv1c5orhneg7btiemoua7uvk5jinafku', '::1', 1573623898, 0x5f5f63695f6c6173745f726567656e65726174657c693a313537333632333839383b),
('77qlgs3cfnkhc5kjq3rbajbf0ufh2i10', '::1', 1573624215, 0x5f5f63695f6c6173745f726567656e65726174657c693a313537333632343231353b),
('jrrm61hgmdfp38834ln29i1fnb26p0es', '::1', 1573624219, 0x5f5f63695f6c6173745f726567656e65726174657c693a313537333632343231393b),
('87ch5k1jkeqfo3utrlpluo14l8q10l9h', '::1', 1573624742, 0x5f5f63695f6c6173745f726567656e65726174657c693a313537333632343734323b),
('o3mp66uqdfv6i7naa8rfrih09cduvsk7', '::1', 1573624827, 0x5f5f63695f6c6173745f726567656e65726174657c693a313537333632343832373b),
('bqjn9q2gdv8in1kjctakkdo9lmg9f7as', '::1', 1573626472, 0x5f5f63695f6c6173745f726567656e65726174657c693a313537333632363437323b),
('kk5ufn5ke1hc2eviq3msfv415ov2866o', '::1', 1573625341, 0x5f5f63695f6c6173745f726567656e65726174657c693a313537333632353334313b),
('nt1f3ck55tpthc8q1fqjj7i4en8q19ri', '::1', 1573625646, 0x5f5f63695f6c6173745f726567656e65726174657c693a313537333632353634363b),
('9j54tcptl07rm4gmhcer3117f8sguqv8', '::1', 1573626576, 0x5f5f63695f6c6173745f726567656e65726174657c693a313537333632363537363b6572726f727c733a31393a22506c65617365204c6f67696e20466972737421223b5f5f63695f766172737c613a313a7b733a353a226572726f72223b733a333a226f6c64223b7d),
('qkj8biqecboce5gm3su9lmav49i54h4u', '::1', 1573626820, 0x5f5f63695f6c6173745f726567656e65726174657c693a313537333632363832303b6572726f727c733a31393a22506c65617365204c6f67696e20466972737421223b5f5f63695f766172737c613a313a7b733a353a226572726f72223b733a333a226e6577223b7d636172745f636f6e74656e74737c613a333a7b733a31303a22636172745f746f74616c223b643a36303030303b733a31313a22746f74616c5f6974656d73223b643a363b733a33323a223465636635326366653839653035383935656665306232373336646161663930223b613a373a7b733a323a226964223b733a313a2231223b733a333a22717479223b643a363b733a353a227072696365223b643a31303030303b733a343a226e616d65223b733a31303a22636f6b656c6174206573223b733a373a226f7074696f6e73223b613a313a7b733a343a226e6f7465223b733a393a2267616b207065646173223b7d733a353a22726f776964223b733a33323a223465636635326366653839653035383935656665306232373336646161663930223b733a383a22737562746f74616c223b643a36303030303b7d7d),
('upcbgj6dcf1f33jafp8vei2kbnp9um24', '::1', 1573627983, 0x5f5f63695f6c6173745f726567656e65726174657c693a313537333632373938333b6572726f727c733a31393a22506c65617365204c6f67696e20466972737421223b5f5f63695f766172737c613a313a7b733a353a226572726f72223b733a333a226f6c64223b7d),
('pd9jdv3uq921s3lunquc3u4uqbiflpvq', '::1', 1573627145, 0x5f5f63695f6c6173745f726567656e65726174657c693a313537333632373134353b6572726f727c733a31393a22506c65617365204c6f67696e20466972737421223b5f5f63695f766172737c613a313a7b733a353a226572726f72223b733a333a226e6577223b7d636172745f636f6e74656e74737c613a343a7b733a31303a22636172745f746f74616c223b643a38303030303b733a31313a22746f74616c5f6974656d73223b643a373b733a33323a223465636635326366653839653035383935656665306232373336646161663930223b613a373a7b733a323a226964223b733a313a2231223b733a333a22717479223b643a363b733a353a227072696365223b643a31303030303b733a343a226e616d65223b733a31303a22636f6b656c6174206573223b733a373a226f7074696f6e73223b613a313a7b733a343a226e6f7465223b733a393a2267616b207065646173223b7d733a353a22726f776964223b733a33323a223465636635326366653839653035383935656665306232373336646161663930223b733a383a22737562746f74616c223b643a36303030303b7d733a33323a226162323538316139336638306230366161626165393737396363333465383733223b613a373a7b733a323a226964223b733a313a2233223b733a333a22717479223b643a313b733a353a227072696365223b643a32303030303b733a343a226e616d65223b733a31313a226179616d20676f72656e67223b733a373a226f7074696f6e73223b613a313a7b733a343a226e6f7465223b733a393a2267616b207065646173223b7d733a353a22726f776964223b733a33323a226162323538316139336638306230366161626165393737396363333465383733223b733a383a22737562746f74616c223b643a32303030303b7d7d),
('59u4pm8f4m0rr5fj8vn7i352dr9ti7qr', '::1', 1573627464, 0x5f5f63695f6c6173745f726567656e65726174657c693a313537333632373436343b6572726f727c733a31393a22506c65617365204c6f67696e20466972737421223b5f5f63695f766172737c613a313a7b733a353a226572726f72223b733a333a226e6577223b7d636172745f636f6e74656e74737c613a343a7b733a31303a22636172745f746f74616c223b643a38303030303b733a31313a22746f74616c5f6974656d73223b643a373b733a33323a223465636635326366653839653035383935656665306232373336646161663930223b613a373a7b733a323a226964223b733a313a2231223b733a333a22717479223b643a363b733a353a227072696365223b643a31303030303b733a343a226e616d65223b733a31303a22636f6b656c6174206573223b733a373a226f7074696f6e73223b613a313a7b733a343a226e6f7465223b733a393a2267616b207065646173223b7d733a353a22726f776964223b733a33323a223465636635326366653839653035383935656665306232373336646161663930223b733a383a22737562746f74616c223b643a36303030303b7d733a33323a226162323538316139336638306230366161626165393737396363333465383733223b613a373a7b733a323a226964223b733a313a2233223b733a333a22717479223b643a313b733a353a227072696365223b643a32303030303b733a343a226e616d65223b733a31313a226179616d20676f72656e67223b733a373a226f7074696f6e73223b613a313a7b733a343a226e6f7465223b733a393a2267616b207065646173223b7d733a353a22726f776964223b733a33323a226162323538316139336638306230366161626165393737396363333465383733223b733a383a22737562746f74616c223b643a32303030303b7d7d),
('pg5utujeitpnvctdjbjk6vep91evjnft', '::1', 1573627845, 0x5f5f63695f6c6173745f726567656e65726174657c693a313537333632373834353b6572726f727c733a31393a22506c65617365204c6f67696e20466972737421223b5f5f63695f766172737c613a313a7b733a353a226572726f72223b733a333a226e6577223b7d),
('fie29nda7oor8aiq22eflumrha9suaf3', '::1', 1573628999, 0x5f5f63695f6c6173745f726567656e65726174657c693a313537333632383939393b6572726f727c733a31393a22506c65617365204c6f67696e20466972737421223b5f5f63695f766172737c613a313a7b733a353a226572726f72223b733a333a226e6577223b7d),
('70rn4v1h56q4va9pfo8l7ueq7m763s1k', '::1', 1573628685, 0x5f5f63695f6c6173745f726567656e65726174657c693a313537333632383638353b),
('7vrv9ptb06rn7q0k998nb1p3dkp9jag8', '::1', 1573632087, 0x5f5f63695f6c6173745f726567656e65726174657c693a313537333633323038373b),
('eb1j0o28c4mq4mecim289tnqi1o174jj', '::1', 1573629545, 0x5f5f63695f6c6173745f726567656e65726174657c693a313537333632393534353b6572726f727c733a31393a22506c65617365204c6f67696e20466972737421223b5f5f63695f766172737c613a313a7b733a353a226572726f72223b733a333a226e6577223b7d636172745f636f6e74656e74737c613a343a7b733a31303a22636172745f746f74616c223b643a38303030303b733a31313a22746f74616c5f6974656d73223b643a353b733a33323a226462653466376661393237373966623032353635633562663133376362353931223b613a373a7b733a323a226964223b733a313a2233223b733a333a22717479223b643a333b733a353a227072696365223b643a32303030303b733a343a226e616d65223b733a31313a226179616d20676f72656e67223b733a373a226f7074696f6e73223b613a313a7b733a343a226e6f7465223b733a31313a227065646173206d616e6973223b7d733a353a22726f776964223b733a33323a226462653466376661393237373966623032353635633562663133376362353931223b733a383a22737562746f74616c223b643a36303030303b7d733a33323a226631386264303736323930623736333339633430343538613138323735316433223b613a373a7b733a323a226964223b733a313a2231223b733a333a22717479223b643a323b733a353a227072696365223b643a31303030303b733a343a226e616d65223b733a31303a22636f6b656c6174206573223b733a373a226f7074696f6e73223b613a313a7b733a343a226e6f7465223b733a31303a22657320736564696b6974223b7d733a353a22726f776964223b733a33323a226631386264303736323930623736333339633430343538613138323735316433223b733a383a22737562746f74616c223b643a32303030303b7d7d),
('32vf61fooj7a9bitfhvqh00bd4utv2vm', '::1', 1573629879, 0x5f5f63695f6c6173745f726567656e65726174657c693a313537333632393837393b6572726f727c733a31393a22506c65617365204c6f67696e20466972737421223b5f5f63695f766172737c613a313a7b733a353a226572726f72223b733a333a226e6577223b7d636172745f636f6e74656e74737c613a333a7b733a31303a22636172745f746f74616c223b643a36303030303b733a31313a22746f74616c5f6974656d73223b643a333b733a33323a226462653466376661393237373966623032353635633562663133376362353931223b613a373a7b733a323a226964223b733a313a2233223b733a333a22717479223b643a333b733a353a227072696365223b643a32303030303b733a343a226e616d65223b733a31313a226179616d20676f72656e67223b733a373a226f7074696f6e73223b613a313a7b733a343a226e6f7465223b733a31313a227065646173206d616e6973223b7d733a353a22726f776964223b733a33323a226462653466376661393237373966623032353635633562663133376362353931223b733a383a22737562746f74616c223b643a36303030303b7d7d),
('aaufsfsb24alehfivdthdmc3227g70it', '::1', 1573631643, 0x5f5f63695f6c6173745f726567656e65726174657c693a313537333633313634333b6572726f727c733a31393a22506c65617365204c6f67696e20466972737421223b5f5f63695f766172737c613a313a7b733a353a226572726f72223b733a333a226e6577223b7d636172745f636f6e74656e74737c613a353a7b733a31303a22636172745f746f74616c223b643a39303030303b733a31313a22746f74616c5f6974656d73223b643a363b733a33323a226462653466376661393237373966623032353635633562663133376362353931223b613a373a7b733a323a226964223b733a313a2233223b733a333a22717479223b643a333b733a353a227072696365223b643a32303030303b733a343a226e616d65223b733a31313a226179616d20676f72656e67223b733a373a226f7074696f6e73223b613a313a7b733a343a226e6f7465223b733a31313a227065646173206d616e6973223b7d733a353a22726f776964223b733a33323a226462653466376661393237373966623032353635633562663133376362353931223b733a383a22737562746f74616c223b643a36303030303b7d733a33323a226631386264303736323930623736333339633430343538613138323735316433223b613a373a7b733a323a226964223b733a313a2231223b733a333a22717479223b643a313b733a353a227072696365223b643a31303030303b733a343a226e616d65223b733a31303a22636f6b656c6174206573223b733a373a226f7074696f6e73223b613a313a7b733a343a226e6f7465223b733a31303a22657320736564696b6974223b7d733a353a22726f776964223b733a33323a226631386264303736323930623736333339633430343538613138323735316433223b733a383a22737562746f74616c223b643a31303030303b7d733a33323a223865336237306161356564626237373538666330303938306161666336343361223b613a373a7b733a323a226964223b733a313a2231223b733a333a22717479223b643a323b733a353a227072696365223b643a31303030303b733a343a226e616d65223b733a31303a22636f6b656c6174206573223b733a373a226f7074696f6e73223b613a313a7b733a343a226e6f7465223b733a31353a22657320736564696b69742073616a61223b7d733a353a22726f776964223b733a33323a223865336237306161356564626237373538666330303938306161666336343361223b733a383a22737562746f74616c223b643a32303030303b7d7d),
('0dmcu10ro4l0ipm7od03bnf5gtf4e19m', '::1', 1573631946, 0x5f5f63695f6c6173745f726567656e65726174657c693a313537333633313934363b636172745f636f6e74656e74737c613a353a7b733a31303a22636172745f746f74616c223b643a39303030303b733a31313a22746f74616c5f6974656d73223b643a363b733a33323a226462653466376661393237373966623032353635633562663133376362353931223b613a373a7b733a323a226964223b733a313a2233223b733a333a22717479223b643a333b733a353a227072696365223b643a32303030303b733a343a226e616d65223b733a31313a226179616d20676f72656e67223b733a373a226f7074696f6e73223b613a313a7b733a343a226e6f7465223b733a31313a227065646173206d616e6973223b7d733a353a22726f776964223b733a33323a226462653466376661393237373966623032353635633562663133376362353931223b733a383a22737562746f74616c223b643a36303030303b7d733a33323a226631386264303736323930623736333339633430343538613138323735316433223b613a373a7b733a323a226964223b733a313a2231223b733a333a22717479223b643a313b733a353a227072696365223b643a31303030303b733a343a226e616d65223b733a31303a22636f6b656c6174206573223b733a373a226f7074696f6e73223b613a313a7b733a343a226e6f7465223b733a31303a22657320736564696b6974223b7d733a353a22726f776964223b733a33323a226631386264303736323930623736333339633430343538613138323735316433223b733a383a22737562746f74616c223b643a31303030303b7d733a33323a223865336237306161356564626237373538666330303938306161666336343361223b613a373a7b733a323a226964223b733a313a2231223b733a333a22717479223b643a323b733a353a227072696365223b643a31303030303b733a343a226e616d65223b733a31303a22636f6b656c6174206573223b733a373a226f7074696f6e73223b613a313a7b733a343a226e6f7465223b733a31353a22657320736564696b69742073616a61223b7d733a353a22726f776964223b733a33323a223865336237306161356564626237373538666330303938306161666336343361223b733a383a22737562746f74616c223b643a32303030303b7d7d),
('pkgfan58ucmlhu4rsnj99femea6pohor', '::1', 1573633656, 0x5f5f63695f6c6173745f726567656e65726174657c693a313537333633333635363b6572726f727c733a31393a22506c65617365204c6f67696e20466972737421223b5f5f63695f766172737c613a313a7b733a353a226572726f72223b733a333a226e6577223b7d),
('i7amlltf49liv11jtq48pdm4fpphv5oa', '::1', 1573632674, 0x5f5f63695f6c6173745f726567656e65726174657c693a313537333633323637343b),
('4n09ldr3tcf7hp09cb6m8m0dv76n7ga9', '::1', 1573633102, 0x5f5f63695f6c6173745f726567656e65726174657c693a313537333633333130323b),
('pv3boek3olu4o608mq8us0acjd4r7b0f', '::1', 1573633454, 0x5f5f63695f6c6173745f726567656e65726174657c693a313537333633333435343b),
('cnr4a2i5jjav80ahbc4mj1kehje6e05n', '::1', 1573633780, 0x5f5f63695f6c6173745f726567656e65726174657c693a313537333633333738303b),
('j0svasu23i0tc65s9anio49a1kavk81j', '::1', 1573634139, 0x5f5f63695f6c6173745f726567656e65726174657c693a313537333633343133393b),
('4ncl5d8t2i2nqtegk20pskrr4li881gg', '::1', 1573634150, 0x5f5f63695f6c6173745f726567656e65726174657c693a313537333633343135303b),
('0dl2faad1ulfvcs8r37ka560441os507', '::1', 1573634455, 0x5f5f63695f6c6173745f726567656e65726174657c693a313537333633343435353b),
('v57elu0h6dpphlmu0uiif9kbp6pdjjba', '::1', 1573634929, 0x5f5f63695f6c6173745f726567656e65726174657c693a313537333633343932393b),
('6ur5e8k6sgtrj6jcqk9eeplfjmcju1ok', '::1', 1573634813, 0x5f5f63695f6c6173745f726567656e65726174657c693a313537333633343831333b636172745f636f6e74656e74737c613a343a7b733a31303a22636172745f746f74616c223b643a3135303030303b733a31313a22746f74616c5f6974656d73223b643a393b733a33323a226138303034623738343630626565353163316161623031366538613430303166223b613a373a7b733a323a226964223b733a313a2231223b733a333a22717479223b643a333b733a353a227072696365223b643a31303030303b733a343a226e616d65223b733a31303a22636f6b656c6174206573223b733a373a226f7074696f6e73223b613a313a7b733a343a226e6f7465223b733a31343a2265732073657563696c2073616a61223b7d733a353a22726f776964223b733a33323a226138303034623738343630626565353163316161623031366538613430303166223b733a383a22737562746f74616c223b643a33303030303b7d733a33323a226564396361336430386663643465633063363133343532643165376537333266223b613a373a7b733a323a226964223b733a313a2233223b733a333a22717479223b643a363b733a353a227072696365223b643a32303030303b733a343a226e616d65223b733a31313a226179616d20676f72656e67223b733a373a226f7074696f6e73223b613a313a7b733a343a226e6f7465223b733a31323a226c6f6d626f6b206b6563696c223b7d733a353a22726f776964223b733a33323a226564396361336430386663643465633063363133343532643165376537333266223b733a383a22737562746f74616c223b643a3132303030303b7d7d),
('h1b0rt6r9huidem5823c0cs3cojvm5ar', '::1', 1573635246, 0x5f5f63695f6c6173745f726567656e65726174657c693a313537333633353234363b636172745f636f6e74656e74737c613a343a7b733a31303a22636172745f746f74616c223b643a3135303030303b733a31313a22746f74616c5f6974656d73223b643a393b733a33323a226138303034623738343630626565353163316161623031366538613430303166223b613a373a7b733a323a226964223b733a313a2231223b733a333a22717479223b643a333b733a353a227072696365223b643a31303030303b733a343a226e616d65223b733a31303a22636f6b656c6174206573223b733a373a226f7074696f6e73223b613a313a7b733a343a226e6f7465223b733a31343a2265732073657563696c2073616a61223b7d733a353a22726f776964223b733a33323a226138303034623738343630626565353163316161623031366538613430303166223b733a383a22737562746f74616c223b643a33303030303b7d733a33323a226564396361336430386663643465633063363133343532643165376537333266223b613a373a7b733a323a226964223b733a313a2233223b733a333a22717479223b643a363b733a353a227072696365223b643a32303030303b733a343a226e616d65223b733a31313a226179616d20676f72656e67223b733a373a226f7074696f6e73223b613a313a7b733a343a226e6f7465223b733a31323a226c6f6d626f6b206b6563696c223b7d733a353a22726f776964223b733a33323a226564396361336430386663643465633063363133343532643165376537333266223b733a383a22737562746f74616c223b643a3132303030303b7d7d),
('n6do0tgg2cfurclq2vfrosg16u2ned4o', '::1', 1573635554, 0x5f5f63695f6c6173745f726567656e65726174657c693a313537333633353535343b),
('rlacrdu0mo4l2tcfu5esps0v9cco5lf8', '::1', 1573635940, 0x5f5f63695f6c6173745f726567656e65726174657c693a313537333633353934303b),
('u7iqqocvsr1t10pbkr95rspmi2l1smj8', '::1', 1573635865, 0x5f5f63695f6c6173745f726567656e65726174657c693a313537333633353836353b),
('93t4j2k2bvffbpnvoggheo28d4blp1ab', '::1', 1573636228, 0x5f5f63695f6c6173745f726567656e65726174657c693a313537333633363232383b),
('ghtig8e2bk52pan962gl34uko9lebm3k', '::1', 1573636338, 0x5f5f63695f6c6173745f726567656e65726174657c693a313537333633363333383b),
('io2rvmd2a0ohvkm6okssqv1rc86kn9pu', '::1', 1573636407, 0x5f5f63695f6c6173745f726567656e65726174657c693a313537333633363232383b),
('ifeh98isosi2gnj8fvdkeb5rq1nj3m1q', '::1', 1573636381, 0x5f5f63695f6c6173745f726567656e65726174657c693a313537333633363333383b);

-- --------------------------------------------------------

--
-- Table structure for table `invoice`
--

CREATE TABLE `invoice` (
  `id_invoice` int(11) NOT NULL,
  `username_pelanggan` varchar(20) DEFAULT NULL,
  `username_staff` varchar(20) NOT NULL,
  `tanggal` datetime NOT NULL,
  `potongan` int(11) NOT NULL
) ENGINE=InnoDB DEFAULT CHARSET=latin1;

--
-- Dumping data for table `invoice`
--

INSERT INTO `invoice` (`id_invoice`, `username_pelanggan`, `username_staff`, `tanggal`, `potongan`) VALUES
(43, NULL, 'benz', '2019-09-16 00:00:00', 0),
(44, NULL, 'benz', '2006-09-25 00:00:00', 0),
(45, NULL, 'benz', '2018-07-04 00:00:00', 0),
(46, NULL, 'benz', '2019-09-25 00:00:00', 0),
(48, NULL, 'benz', '2019-09-25 00:00:00', 0),
(49, NULL, 'benz', '2019-09-25 00:00:00', 0),
(50, NULL, 'BENZ', '2019-09-25 00:00:00', 0),
(51, NULL, 'benz', '2019-09-25 00:00:00', 0),
(52, NULL, 'benz', '2019-09-25 00:00:00', 0),
(53, NULL, 'benz', '2019-09-25 00:00:00', 0),
(54, NULL, 'benz', '2019-09-25 00:00:00', 0),
(55, NULL, 'benz', '2019-09-25 00:00:00', 0),
(56, NULL, 'benz', '2019-09-25 00:00:00', 0),
(57, NULL, 'benz', '2019-09-25 00:00:00', 0),
(58, NULL, 'benz', '2019-08-25 00:00:00', 0),
(59, NULL, 'benz', '2019-09-25 00:00:00', 0),
(60, 'member', 'benz', '2019-09-25 00:00:00', 0),
(61, NULL, 'benz', '2019-09-25 00:00:00', 0),
(62, 'member', 'benz', '2019-09-25 00:00:00', 20000),
(64, NULL, 'benz', '2019-09-25 00:00:00', 0),
(65, 'member', 'benz', '2019-09-25 00:00:00', 0),
(66, 'mymember', 'benz', '2019-09-25 00:00:00', 0),
(67, 'member', 'benz', '2019-09-25 00:00:00', 137000),
(69, 'member', 'benz', '2019-09-26 00:00:00', 218000),
(70, 'member', 'benz', '2019-09-03 00:00:00', 0),
(71, NULL, 'benz', '2019-09-28 00:00:00', 0),
(72, NULL, 'benz', '2019-09-28 00:00:00', 0),
(73, NULL, 'BENZ', '2019-09-28 00:00:00', 0),
(74, NULL, 'BENZ', '2019-09-28 00:00:00', 0),
(75, NULL, 'BENZ', '2019-09-28 00:00:00', 0),
(76, NULL, 'BENZ', '2019-09-28 00:00:00', 0),
(77, NULL, 'benz', '2019-09-28 00:00:00', 0),
(80, 'member', 'benz', '2019-09-28 00:00:00', 18000),
(81, 'member', 'benz', '2019-09-28 00:00:00', 287000),
(82, NULL, 'benz', '2019-09-28 00:00:00', 0),
(84, NULL, 'benz', '2019-09-28 00:00:00', 0),
(85, 'mymember', 'benz', '2019-10-02 00:00:00', 60000),
(86, 'mymember', 'benz', '2019-10-02 00:00:00', 60000),
(87, NULL, 'benz', '2019-10-02 00:00:00', 0),
(88, NULL, 'benz', '2019-10-02 00:00:00', 0),
(89, NULL, 'benz', '2019-10-02 00:00:00', 0),
(90, NULL, 'benz', '2019-10-02 00:00:00', 0),
(91, NULL, 'benz', '2019-10-02 00:00:00', 0),
(93, NULL, 'benz', '2019-10-02 00:00:00', 0),
(94, NULL, 'benz', '2019-10-02 00:00:00', 0),
(95, NULL, 'benz', '2019-10-02 00:00:00', 0),
(96, NULL, 'benz', '2019-10-02 00:00:00', 0),
(97, NULL, 'benz', '2019-10-02 00:00:00', 0),
(98, NULL, 'benz', '2019-10-02 00:00:00', 0),
(99, NULL, 'benz', '2019-10-02 00:00:00', 0),
(100, NULL, 'benz', '2019-10-02 00:00:00', 0),
(101, NULL, 'benz', '2019-10-02 00:00:00', 0),
(102, NULL, 'benz', '2019-10-02 00:00:00', 0),
(103, NULL, 'benz', '2019-10-02 00:00:00', 0),
(104, NULL, 'benz', '2019-10-02 00:00:00', 0),
(105, NULL, 'benz', '2019-10-02 00:00:00', 0),
(106, NULL, 'benz', '2019-10-02 00:00:00', 0),
(107, NULL, 'benz', '2019-10-02 00:00:00', 0),
(108, NULL, 'benz', '2019-10-02 00:00:00', 0),
(109, NULL, 'benz', '2019-10-02 00:00:00', 0),
(110, NULL, 'benz', '2019-10-02 00:00:00', 0),
(111, NULL, 'benz', '2019-10-02 00:00:00', 0),
(112, NULL, 'benz', '2019-10-02 00:00:00', 0),
(113, NULL, 'benz', '2019-10-02 00:00:00', 0),
(114, NULL, 'benz', '2019-10-02 00:00:00', 0),
(115, NULL, 'benz', '2019-10-02 00:00:00', 0),
(117, NULL, 'benz', '2019-10-03 00:00:00', 0),
(118, NULL, 'BENZ', '2019-10-03 00:00:00', 0),
(119, NULL, 'benz', '2019-10-03 00:00:00', 0),
(120, NULL, 'benz', '2019-10-03 00:00:00', 0),
(121, NULL, 'benz', '2019-10-03 00:00:00', 0),
(122, NULL, 'benz', '2019-10-03 00:00:00', 0),
(123, NULL, 'benz', '2019-10-03 00:00:00', 0),
(125, NULL, 'benz', '2019-10-03 00:00:00', 0),
(126, 'member', 'benz', '2019-10-03 00:00:00', 50000),
(127, 'member', 'benz', '2019-10-03 00:00:00', 0),
(128, 'member', 'benz', '2019-10-03 00:00:00', 0),
(129, 'nawaki', 'benz', '2019-11-13 08:57:41', 0),
(130, 'nawaki', 'benz', '2019-11-13 08:59:06', 0),
(131, 'nawaki', 'benz', '2019-11-13 09:02:12', 0),
(132, 'mymember', 'benz', '2019-11-13 09:55:31', 0),
(133, 'mymember', 'benz', '2019-11-13 09:56:36', 0),
(134, 'mymember', 'benz', '2019-11-13 09:57:27', 0),
(135, 'mymember', 'benz', '2019-11-13 09:58:46', 20000),
(136, 'mymember', 'benz', '2019-11-13 10:06:20', 0),
(137, 'mymember', 'benz', '2019-11-13 10:10:38', 8500),
(138, 'mymember', 'benz', '2019-11-13 10:13:01', 1500);

-- --------------------------------------------------------

--
-- Table structure for table `menu`
--

CREATE TABLE `menu` (
  `id_menu` int(11) NOT NULL,
  `nama` varchar(30) NOT NULL,
  `harga` int(11) NOT NULL,
  `kategori` varchar(10) NOT NULL,
  `stok` int(11) NOT NULL
) ENGINE=InnoDB DEFAULT CHARSET=latin1;

--
-- Dumping data for table `menu`
--

INSERT INTO `menu` (`id_menu`, `nama`, `harga`, `kategori`, `stok`) VALUES
(1, 'cokelat es', 10000, 'minuman', 62),
(3, 'ayam goreng', 20000, 'makanan', 34),
(4, 'pisang keju', 8500, 'makanan', 16),
(6, 'udang tepung', 20000, 'makanan', 14),
(8, 'nasi goreng udang', 15000, 'makanan', 0),
(9, 'nasi goreng seafood', 18000, 'makanan', 0),
(10, 'Nasi', 5000, 'makanan', 80),
(11, 'ayam laos2', 10000, 'makanan', 14);

-- --------------------------------------------------------

--
-- Table structure for table `orders`
--

CREATE TABLE `orders` (
  `id_order` int(11) NOT NULL,
  `id_invoice` int(11) NOT NULL,
  `id_menu` int(11) NOT NULL,
  `kuantitas` int(11) NOT NULL,
  `catatan` varchar(255) NOT NULL
) ENGINE=InnoDB DEFAULT CHARSET=latin1;

--
-- Dumping data for table `orders`
--

INSERT INTO `orders` (`id_order`, `id_invoice`, `id_menu`, `kuantitas`, `catatan`) VALUES
(49, 44, 3, 1, ''),
(50, 45, 4, 1, '-'),
(51, 46, 1, 1, '-'),
(53, 48, 3, 1, '-'),
(54, 49, 4, 1, '-'),
(55, 50, 4, 1, '-'),
(56, 51, 1, 1, '-'),
(57, 52, 1, 1, '-'),
(58, 53, 3, 1, '-'),
(59, 54, 3, 1, '-'),
(60, 55, 1, 1, '-'),
(61, 56, 1, 1, '-'),
(62, 57, 1, 1, '-'),
(63, 58, 3, 1, '-'),
(64, 58, 4, 100, '-'),
(65, 59, 1, 1, '-'),
(66, 59, 8, 1, '-'),
(67, 60, 9, 1, '-'),
(68, 60, 8, 50, '-'),
(69, 61, 9, 1, '-'),
(70, 62, 9, 3, '-'),
(71, 62, 8, 5, '-'),
(74, 64, 4, 1, '-'),
(75, 64, 9, 1, '-'),
(76, 65, 6, 100, '-'),
(77, 65, 4, 1, '-'),
(78, 66, 9, 10, '-'),
(79, 66, 6, 3, '-'),
(80, 67, 4, 14, '-'),
(81, 67, 9, 1, '-'),
(84, 69, 6, 1, '-'),
(85, 69, 9, 1, '-'),
(89, 43, 9, 3, '-'),
(91, 70, 9, 5, '-'),
(92, 71, 3, 1, '-'),
(93, 71, 4, 3, '-'),
(94, 72, 1, 1, '-'),
(95, 72, 8, 4, '-'),
(96, 73, 9, 2, '-'),
(97, 74, 9, 1, '-'),
(98, 74, 8, 3, '-'),
(99, 75, 9, 1, '-'),
(100, 76, 9, 1, '-'),
(101, 77, 9, 1, '-'),
(104, 80, 9, 3, '-'),
(105, 80, 8, 1, '-'),
(106, 81, 6, 8, '-'),
(107, 82, 9, 1, '-'),
(108, 85, 11, 100, '-'),
(109, 86, 11, 10, '-'),
(110, 86, 10, 5, '-'),
(111, 87, 11, 10, '-'),
(112, 88, 11, 5, '-'),
(113, 89, 10, 1, '-'),
(114, 90, 11, 1, '-'),
(115, 91, 11, 1, '-'),
(120, 97, 9, 1, '-'),
(121, 97, 11, 1, '-'),
(122, 98, 10, 1, '-'),
(123, 99, 6, 1, '-'),
(124, 99, 10, 1, '-'),
(125, 100, 11, 2, '-'),
(126, 100, 10, 1, '-'),
(127, 101, 11, 1, '-'),
(128, 102, 11, 1, '-'),
(129, 102, 10, 1, '-'),
(130, 103, 11, 1, '-'),
(131, 104, 8, 1, '-'),
(133, 105, 10, 1, '-'),
(135, 105, 11, 2, '-'),
(136, 106, 8, 1, '-'),
(137, 107, 8, 1, '-'),
(138, 108, 8, 1, '-'),
(139, 109, 8, 12, '-'),
(140, 110, 8, 1, '-'),
(141, 111, 8, 10, '-'),
(142, 112, 10, 1, '-'),
(143, 112, 11, 1, '-'),
(144, 112, 9, 1, '-'),
(146, 114, 11, 1, '-'),
(147, 114, 10, 1, '-'),
(148, 114, 9, 1, '-'),
(149, 114, 8, 1, '-'),
(150, 114, 6, 1, '-'),
(151, 114, 4, 1, '-'),
(152, 114, 3, 1, '-'),
(153, 114, 1, 5, '-'),
(161, 117, 11, 1, '-'),
(162, 117, 11, 1, '-'),
(163, 117, 11, 1, '-'),
(164, 118, 9, 2, '-'),
(165, 119, 11, 1, '-'),
(166, 120, 11, 1, '-'),
(167, 120, 10, 3, '-'),
(168, 120, 10, 1, '-'),
(169, 120, 6, 3, '-'),
(170, 120, 11, 1, '-'),
(171, 121, 6, 1, '-'),
(172, 121, 11, 1, '-'),
(173, 122, 4, 1, '-'),
(174, 122, 10, 1, '-'),
(175, 122, 4, 1, '-'),
(176, 123, 10, 1, '-'),
(178, 125, 6, 1, '-'),
(179, 126, 11, 3, '-'),
(180, 127, 10, 1, '-'),
(181, 127, 11, 1, '-'),
(182, 127, 3, 1, '-'),
(184, 128, 1, 2, '-'),
(185, 129, 3, 3, 'pedas manis'),
(186, 130, 3, 3, 'pedas manis'),
(187, 130, 1, 1, 'es sedikit'),
(188, 130, 1, 2, 'es sedikit saja'),
(189, 131, 3, 3, 'pedas manis'),
(190, 131, 1, 1, 'es sedikit'),
(191, 131, 1, 2, 'es sedikit saja'),
(192, 134, 1, 3, 'es seucil saja'),
(193, 135, 1, 3, 'es seucil saja'),
(194, 135, 3, 6, 'lombok kecil'),
(195, 136, 1, 30, 'cokelat sedikit'),
(196, 137, 4, 1, 'cokelat sedikit'),
(197, 138, 1, 2, 'es sedikit'),
(198, 138, 3, 2, 'pedas sedikit');

-- --------------------------------------------------------

--
-- Table structure for table `pelanggan`
--

CREATE TABLE `pelanggan` (
  `username_pelanggan` varchar(20) NOT NULL,
  `nama` varchar(30) DEFAULT NULL,
  `no_hp` varchar(15) DEFAULT NULL,
  `jml_point` int(11) DEFAULT NULL
) ENGINE=InnoDB DEFAULT CHARSET=latin1;

--
-- Dumping data for table `pelanggan`
--

INSERT INTO `pelanggan` (`username_pelanggan`, `nama`, `no_hp`, `jml_point`) VALUES
('member', 'natsume', '0852345678', 40000),
('mymember', 'mymember', '819734897778', 0),
('nawaki', 'nawaki-chan', '0989127889', 0);

-- --------------------------------------------------------

--
-- Table structure for table `staff`
--

CREATE TABLE `staff` (
  `username_staff` varchar(20) NOT NULL,
  `password` varchar(20) NOT NULL,
  `nama` varchar(25) NOT NULL,
  `no_hp` varchar(15) NOT NULL,
  `alamat` varchar(255) NOT NULL
) ENGINE=InnoDB DEFAULT CHARSET=latin1;

--
-- Dumping data for table `staff`
--

INSERT INTO `staff` (`username_staff`, `password`, `nama`, `no_hp`, `alamat`) VALUES
('benz', 'benz', 'benyamin', '085250897878', 'jalan ratu zaleha no 9');

--
-- Indexes for dumped tables
--

--
-- Indexes for table `ci_sessions`
--
ALTER TABLE `ci_sessions`
  ADD KEY `ci_sessions_timestamp` (`timestamp`);

--
-- Indexes for table `invoice`
--
ALTER TABLE `invoice`
  ADD PRIMARY KEY (`id_invoice`),
  ADD KEY `fk_invoice_staff` (`username_staff`),
  ADD KEY `fk_invoice_pelanggan` (`username_pelanggan`);

--
-- Indexes for table `menu`
--
ALTER TABLE `menu`
  ADD PRIMARY KEY (`id_menu`);

--
-- Indexes for table `orders`
--
ALTER TABLE `orders`
  ADD PRIMARY KEY (`id_order`),
  ADD KEY `fk_order_invoice` (`id_invoice`),
  ADD KEY `fk_order_menu` (`id_menu`);

--
-- Indexes for table `pelanggan`
--
ALTER TABLE `pelanggan`
  ADD PRIMARY KEY (`username_pelanggan`);

--
-- Indexes for table `staff`
--
ALTER TABLE `staff`
  ADD PRIMARY KEY (`username_staff`);

--
-- AUTO_INCREMENT for dumped tables
--

--
-- AUTO_INCREMENT for table `invoice`
--
ALTER TABLE `invoice`
  MODIFY `id_invoice` int(11) NOT NULL AUTO_INCREMENT, AUTO_INCREMENT=139;

--
-- AUTO_INCREMENT for table `menu`
--
ALTER TABLE `menu`
  MODIFY `id_menu` int(11) NOT NULL AUTO_INCREMENT, AUTO_INCREMENT=15;

--
-- AUTO_INCREMENT for table `orders`
--
ALTER TABLE `orders`
  MODIFY `id_order` int(11) NOT NULL AUTO_INCREMENT, AUTO_INCREMENT=199;

--
-- Constraints for dumped tables
--

--
-- Constraints for table `invoice`
--
ALTER TABLE `invoice`
  ADD CONSTRAINT `fk_invoice_pelanggan` FOREIGN KEY (`username_pelanggan`) REFERENCES `pelanggan` (`username_pelanggan`),
  ADD CONSTRAINT `fk_invoice_staff` FOREIGN KEY (`username_staff`) REFERENCES `staff` (`username_staff`);

--
-- Constraints for table `orders`
--
ALTER TABLE `orders`
  ADD CONSTRAINT `fk_order_invoice` FOREIGN KEY (`id_invoice`) REFERENCES `invoice` (`id_invoice`),
  ADD CONSTRAINT `fk_order_menu` FOREIGN KEY (`id_menu`) REFERENCES `menu` (`id_menu`);
COMMIT;

/*!40101 SET CHARACTER_SET_CLIENT=@OLD_CHARACTER_SET_CLIENT */;
/*!40101 SET CHARACTER_SET_RESULTS=@OLD_CHARACTER_SET_RESULTS */;
/*!40101 SET COLLATION_CONNECTION=@OLD_COLLATION_CONNECTION */;
