-- phpMyAdmin SQL Dump
-- version 4.8.4
-- https://www.phpmyadmin.net/
--
-- Host: 127.0.0.1
-- Generation Time: Oct 14, 2019 at 05:08 PM
-- Server version: 10.1.37-MariaDB
-- PHP Version: 7.3.1

SET SQL_MODE = "NO_AUTO_VALUE_ON_ZERO";
SET AUTOCOMMIT = 0;
START TRANSACTION;
SET time_zone = "+00:00";


/*!40101 SET @OLD_CHARACTER_SET_CLIENT=@@CHARACTER_SET_CLIENT */;
/*!40101 SET @OLD_CHARACTER_SET_RESULTS=@@CHARACTER_SET_RESULTS */;
/*!40101 SET @OLD_COLLATION_CONNECTION=@@COLLATION_CONNECTION */;
/*!40101 SET NAMES utf8mb4 */;

--
-- Database: `toko_perak`
--

-- --------------------------------------------------------

--
-- Table structure for table `invoice`
--

CREATE TABLE `invoice` (
  `id_invoice` int(11) NOT NULL,
  `username` varchar(32) NOT NULL,
  `date` date NOT NULL,
  `due_date` date NOT NULL,
  `status` enum('paid','unpaid','canceled','expired','waiting confirmation','rejected') NOT NULL DEFAULT 'unpaid',
  `fullname` varchar(255) NOT NULL,
  `street_address` varchar(255) NOT NULL,
  `province` varchar(50) NOT NULL,
  `city` varchar(50) NOT NULL,
  `phone_number` varchar(15) NOT NULL,
  `shipping_charge` int(11) NOT NULL,
  `proof` varchar(30) NOT NULL DEFAULT '''default.jpg'''
) ENGINE=InnoDB DEFAULT CHARSET=latin1;

--
-- Dumping data for table `invoice`
--

INSERT INTO `invoice` (`id_invoice`, `username`, `date`, `due_date`, `status`, `fullname`, `street_address`, `province`, `city`, `phone_number`, `shipping_charge`, `proof`) VALUES
(2, 'member', '2019-09-18', '2019-09-19', 'expired', '', '', 'Kalimantan Selatan', 'Banjarbaru', '0978989362478', 7000, 'default.jpg'),
(3, 'member', '2019-09-18', '2019-09-19', 'expired', '', '', 'Kalimantan Selatan', 'Banjarbaru', '0978989362478', 7000, 'default.jpg'),
(4, 'member', '2019-09-18', '2019-09-19', 'expired', '', '', 'Kalimantan Selatan', 'Banjarbaru', '0978989362478', 7000, '4.png'),
(5, 'member', '2019-09-18', '2019-09-19', 'expired', '', '', 'Kalimantan Selatan', 'Banjarbaru', '0978989362478', 7000, 'default.jpg'),
(6, 'member', '2019-09-18', '2019-09-19', 'expired', '', '', 'Kalimantan Selatan', 'Banjarbaru', '0978989362478', 7000, 'default.jpg'),
(7, 'member', '2019-09-18', '2019-09-19', 'expired', '', '', 'Kalimantan Selatan', 'Banjarbaru', '0978989362478', 7000, 'default.jpg'),
(8, 'member', '2019-09-18', '2019-09-19', 'expired', '', '', 'Kalimantan Selatan', 'Banjarbaru', '0978989362478', 7000, 'default.jpg'),
(9, 'member', '2019-09-18', '2019-09-17', 'expired', 'benyamin', 'jalan ratu zaleha no.09', 'Kalimantan Selatan', 'Kotabaru', '0978989362478', 14000, 'default.jpg'),
(10, 'member', '2019-09-18', '2019-09-17', 'expired', 'benyamin fajri', '', 'Kalimantan Selatan', 'Banjarmasin', '', 0, 'default.jpg'),
(11, 'member', '2019-09-19', '2019-09-19', 'expired', 'ben', '', 'Kalimantan Selatan', 'Kotabaru', '', 0, 'default.jpg'),
(12, 'member', '2019-09-19', '2019-09-20', 'expired', 'benyamin fajri', 'jalan ratu zaleha no.09', 'Kalimantan Selatan', 'Banjarmasin', '0978989362478', 8000, '12.jpg'),
(13, 'member2', '2019-09-21', '2019-09-22', 'expired', 'benyamin fajri', 'jalan ratu zaleha no.09', 'Kalimantan Selatan', 'Banjarmasin', '0978989362478', 7000, '13.png'),
(14, 'member2', '2019-09-21', '2019-09-22', 'expired', 'member2', 'jalan ratu zaleha no.09', 'Kalimantan Selatan', 'Banjarmasin', '0978989362478', 8000, '14.jpg'),
(15, 'member2', '2019-09-21', '2019-09-22', 'expired', 'fajri', 'jalan', 'Kalimantan Selatan', 'Banjarmasin', '492859425', 8000, '15.jpg'),
(16, 'member', '2019-09-21', '2019-09-22', 'expired', 'ben', 'ajkdjk', 'Kalimantan Selatan', 'Banjarbaru', '927891728971', 8000, '16.png'),
(17, 'member', '2019-09-21', '2019-09-22', 'expired', 'fajri', 'jalan ratu zaleha no.09', 'Kalimantan Timur', 'Samarinda', '0974543', 25000, '17.png'),
(18, 'member', '2019-10-12', '2019-10-13', 'expired', 'benyamin fajri', 'jalan ratu zaleha no.09', 'Kalimantan Selatan', 'Banjarmasin', '0974543', 10000, 'default.jpg'),
(19, 'member', '2019-10-12', '2019-10-13', 'expired', 'benyamin fajri', 'jalan ratu zaleha no.09', 'Kalimantan Selatan', 'Banjarmasin', '0974543', 10000, 'default.jpg'),
(20, 'member', '2019-10-12', '2019-10-13', 'expired', 'benyamin fajri', 'jalan ratu zaleha no.09', 'Kalimantan Selatan', 'Banjarmasin', '0974543', 10000, 'default.jpg'),
(21, 'member', '2019-10-12', '2019-10-13', 'expired', 'benz', 'jalan ratu zaleha no.09', 'Kalimantan Selatan', 'Banjarmasin', '927891728971', 7000, 'default.jpg'),
(22, 'member', '2019-10-12', '2019-10-13', 'expired', 'member', 'jalan baru', 'DKI Jakarta', 'Jakarta Selatan', '09018818283', 28000, '22.png'),
(23, 'member', '2019-10-12', '2019-10-13', 'expired', 'member', 'jalan ratu zaleha no.09', 'Kalimantan Selatan', 'Hulu Sungai Selatan', '09018818283', 14000, '23.png'),
(24, 'member', '2019-10-13', '2019-10-14', 'waiting confirmation', 'member', 'jalan baru', 'Jawa Timur', 'Malang', '09018818283', 30000, '24.png'),
(25, 'member', '2019-10-13', '2019-10-14', 'unpaid', 'member', 'jalan baru', 'Kalimantan Selatan', 'Banjarmasin', '09018818283', 10000, 'default.jpg');

-- --------------------------------------------------------

--
-- Table structure for table `orders`
--

CREATE TABLE `orders` (
  `id_order` int(11) NOT NULL,
  `id_invoice` int(11) NOT NULL,
  `id_product` varchar(20) NOT NULL,
  `note` varchar(255) NOT NULL,
  `qty` int(11) NOT NULL
) ENGINE=InnoDB DEFAULT CHARSET=latin1;

--
-- Dumping data for table `orders`
--

INSERT INTO `orders` (`id_order`, `id_invoice`, `id_product`, `note`, `qty`) VALUES
(1, 9, '5d822aadb12eb', 'belum diisi', 2),
(2, 10, '5d8228d417112', 'belum diisi', 1),
(3, 10, '5d82298c41392', 'belum diisi', 1),
(4, 10, '5d822aadb12eb', 'belum diisi', 4),
(6, 12, '5d822aadb12eb', 'belum diisi', 1),
(8, 14, '5d822b2a7f1c8', 'belum diisi', 2),
(9, 15, '5d822aadb12eb', 'belum diisi', 2),
(11, 17, '5d822b2a7f1c8', 'belum diisi', 2),
(12, 18, '5d8228d417112', 'belum diisi', 1),
(13, 20, '5d8228d417112', 'belum diisi', 1),
(14, 21, '5d9de36f9e6bc', 'belum diisi', 3),
(15, 21, '5d822aadb12eb', 'belum diisi', 2),
(16, 22, '5d9de36f9e6bc', 'biru muda', 2),
(17, 22, '5d822aadb12eb', 'biru tua', 2),
(18, 22, '5d9de36f9e6bc', 'merah', 1),
(19, 23, '5d82298c41392', 'A', 2),
(20, 24, '5d9de36f9e6bc', 'a', 1),
(21, 24, '5d822a2a1fada', 'a', 1),
(22, 25, '5d8228d417112', 'a', 1);

-- --------------------------------------------------------

--
-- Table structure for table `product`
--

CREATE TABLE `product` (
  `id_product` varchar(20) NOT NULL,
  `name` varchar(30) NOT NULL,
  `category` varchar(20) NOT NULL,
  `price` int(11) NOT NULL,
  `stock` int(11) NOT NULL,
  `photo` varchar(20) NOT NULL DEFAULT 'default.jpg',
  `description` text NOT NULL
) ENGINE=InnoDB DEFAULT CHARSET=latin1;

--
-- Dumping data for table `product`
--

INSERT INTO `product` (`id_product`, `name`, `category`, `price`, `stock`, `photo`, `description`) VALUES
('5d8228d417112', 'Kingston DDR 2GB', 'RAM', 90000, 109, '5d8228d417112.jpg', 'Ready stock - siap kirim\r\n\r\nMemory Komputer DDR3 2 Gb\r\nMerek Kingstone pc 10600 dan 12800\r\nGaransi 1 tahun'),
('5d82298c41392', 'Flash Drive Toshiba 32 GB - Pu', 'FlashDrive', 37000, 158, '5d82298c41392.jpg', 'Spesifikasi :\r\n- Diperlukan OS : Windows Vista, Windows 7, Windows 8, Windows 8.1 atau Mac OS X 10.6.6-10.10.\r\n- Kapasitas : 32GB (Not Real Kapasitas)\r\n- Dimensi : Approx 51.4mm (L) x21.4mm (W) x3.4mm (H) (termasuk topi).\r\n- Tidak bisa untuk meng-copy data file yang berat semacam film, dll.\r\n- GARANSI : 2 MINGGU SEJAK BARANG DITERIMA(TIDAK BISA TERDETEKSI LANGSUNG GANTI BARU)\r\n- File corrupt atau semacamnya tidak bisa garansi\r\n- ONGKOS KIRIM GARANSI DITANGGUNG PEMBELI.\r\n- JANGAN COPY DATA DI DALAM FOLDER\r\n'),
('5d822a2a1fada', 'JBL GO - Kuning', 'speaker', 200000, 84, '5d822a2a1fada.jpg', 'Device Compatibility\r\nBluetoothYes\r\nGeneral Specifications\r\nWeight (kg)130 g\r\nBluetooth version4.1\r\nSupport:A2DP V1.2, AVRCP V1.4, HFP V1.6, HSP V1.2Yes\r\nAudio Specifications\r\nTransducer1 x 40mm\r\nOutput power3.0W\r\nFrequency response180Hz – 20kHz\r\nSignal-to-noise ratio?80dB\r\nDimensions\r\nDimensions (H x W x D)68.3 x 82.7 x 30.8 (mm)\r\nWeight130g\r\nBattery\r\nBattery typeLithium-ion polymer (3.7V, 600mAh)\r\nBattery charge time1.5 hours\r\nMusic playing timeup to 5 hours (varies by volume level and audio content)'),
('5d822aadb12eb', 'Logitech G304 Lightspeed Wirel', 'Gaming Mouse', 499000, 62, '5d822aadb12eb.jpg', 'GARANSI RESMI 2 tahun Logitech Indonesia (kemasan dan nota harus disertakan)\r\n\r\nMau upgrade? Ada pilihan yang lebih baik loh. Cek disini:\r\nhttp://bit•ly/Logi_G603\r\n\r\nLogitech G304 Lightspeed Wireless Gaming Mouse\r\n\r\nFitur :\r\n\r\n1. Lightspeed Wireless untuk semua\r\nLightspeed Wireless Generasi Terbaru Kini Hadir untuk Semua Gamer\r\n2. Sensor Hero\r\nKinerja 12.000 DPI, Efisiensi 10x\r\n3. Lightspeed Wireless\r\nTanpa Kabel. Tanpa Batas.\r\n4. Daya tahan Baterai yang lebih lama\r\n250 Jam dengan 1 Baterai AA\r\n5. Ultra Ringan\r\nKebebasan Kecepatan Dalam Berat 99 Gram\r\n6. 6 Tombol yang dapat diprogram\r\nFleksibel dan Sederhana\r\n7. Advance Butoon Tensioning\r\nRespons Klik Superior\r\n8. Bermain dimana saja\r\nTempat Penyimpanan Receiver Nano USB Internal'),
('5d822b2a7f1c8', 'Logitech  K120', 'Keyboard', 350000, 58, '5d822b2a7f1c8.jpg', 'Logitech Keyboard K120 - Comfortable, quiet typing - Spill-resistant design - Thin profile - Durable keys - Sturdy, adjustable tilt legs - Plug-and-play USB connection - Easy-to-read keys - Logitech reliability - Curved space bar'),
('5d9de36f9e6bc', 'Coba edit terdeit2', 'Coba edit', 31000, 31, '5d9de36f9e6bc.png', 'ada aja edit');

-- --------------------------------------------------------

--
-- Table structure for table `toko_session`
--

CREATE TABLE `toko_session` (
  `id` varchar(128) NOT NULL,
  `ip_address` varchar(45) NOT NULL,
  `timestamp` int(10) UNSIGNED NOT NULL DEFAULT '0',
  `data` blob NOT NULL
) ENGINE=InnoDB DEFAULT CHARSET=latin1;

--
-- Dumping data for table `toko_session`
--

INSERT INTO `toko_session` (`id`, `ip_address`, `timestamp`, `data`) VALUES
('0esdp7g174655q8pf99p4stek549a474', '::1', 1570953675, 0x5f5f63695f6c6173745f726567656e65726174657c693a313537303935333637353b757365726e616d657c733a363a226d656d626572223b747970657c733a363a226d656d626572223b66756c6c6e616d657c733a363a226d656d626572223b70686f6e657c733a31313a223039303138383138323833223b636172745f636f6e74656e74737c613a333a7b733a31303a22636172745f746f74616c223b643a3337303030303b733a31313a22746f74616c5f6974656d73223b643a31303b733a33323a223861333262386366373132646230626565633365313330323832333138653738223b613a373a7b733a323a226964223b733a31333a2235643832323938633431333932223b733a333a22717479223b643a31303b733a353a227072696365223b643a33373030303b733a343a226e616d65223b733a33303a22466c61736820447269766520546f7368696261203332204742202d205075223b733a373a226f7074696f6e73223b613a313a7b733a343a226e6f7465223b733a313a2261223b7d733a353a22726f776964223b733a33323a223861333262386366373132646230626565633365313330323832333138653738223b733a383a22737562746f74616c223b643a3337303030303b7d7d),
('14v11h0l3tas928u7a1145c4cau7uc0g', '::1', 1570946148, 0x5f5f63695f6c6173745f726567656e65726174657c693a313537303934363134383b),
('1c3mqhbhpd6t2g4o742fol19316smb1j', '::1', 1570896061, 0x5f5f63695f6c6173745f726567656e65726174657c693a313537303839363036313b757365726e616d657c733a363a226d656d626572223b69645f677275707c733a313a2232223b66756c6c6e616d657c733a363a226d656d626572223b70686f6e657c733a31313a223039303138383138323833223b6572726f727c733a31383a2270726f64756374206e6f7420666f756e6421223b5f5f63695f766172737c613a313a7b733a353a226572726f72223b733a333a226f6c64223b7d),
('1nkhrnev3g3pob41ap8hogkfukrkv2su', '::1', 1570947272, 0x5f5f63695f6c6173745f726567656e65726174657c693a313537303934373237323b757365726e616d657c733a353a2261646d696e223b747970657c733a353a2261646d696e223b66756c6c6e616d657c733a353a2261646d696e223b70686f6e657c733a31313a223038313731333133323332223b),
('3oa3ujhn8sbdgbjg2de45nm74re22rds', '::1', 1570949260, 0x5f5f63695f6c6173745f726567656e65726174657c693a313537303934393236303b757365726e616d657c733a363a226d656d626572223b737563636573737c733a32313a224c6f67696e206973205375636365737366756c6c21223b5f5f63695f766172737c613a313a7b733a373a2273756363657373223b733a333a226f6c64223b7d747970657c733a363a226d656d626572223b66756c6c6e616d657c733a363a226d656d626572223b70686f6e657c733a31313a223039303138383138323833223b),
('42vfk9oe5dgs72jndf5tofaqroqp7ebv', '::1', 1570956495, 0x5f5f63695f6c6173745f726567656e65726174657c693a313537303935363439353b757365726e616d657c733a363a226d656d626572223b747970657c733a363a226d656d626572223b66756c6c6e616d657c733a363a226d656d626572223b70686f6e657c733a31313a223039303138383138323833223b),
('4cp831fai23ogorqb67oq95qv7avsaf3', '::1', 1570896664, 0x5f5f63695f6c6173745f726567656e65726174657c693a313537303839363636343b757365726e616d657c733a363a226d656d626572223b69645f677275707c733a313a2232223b66756c6c6e616d657c733a363a226d656d626572223b70686f6e657c733a31313a223039303138383138323833223b6572726f727c733a31393a2270726f64756374206e6f7420666f756e642131223b5f5f63695f766172737c613a313a7b733a353a226572726f72223b733a333a226e6577223b7d),
('7pkn1jmd2g6guvu59f60geahfjbbb4lq', '::1', 1570947579, 0x5f5f63695f6c6173745f726567656e65726174657c693a313537303934373537393b757365726e616d657c733a363a226d656d626572223b747970657c733a363a226d656d626572223b66756c6c6e616d657c733a363a226d656d626572223b70686f6e657c733a31313a223039303138383138323833223b),
('84j4tgef188tmo2iq2vkeds7pdpraagr', '::1', 1570900350, 0x5f5f63695f6c6173745f726567656e65726174657c693a313537303930303335303b6572726f727c733a31383a22796f7520617265206e6f742061646d696e21223b5f5f63695f766172737c613a313a7b733a353a226572726f72223b733a333a226f6c64223b7d),
('84v8dh9993pqfh81vu45cmv6cm2vb598', '::1', 1570899797, 0x5f5f63695f6c6173745f726567656e65726174657c693a313537303839393739373b757365726e616d657c733a363a226d656d626572223b747970657c733a363a226d656d626572223b66756c6c6e616d657c733a363a226d656d626572223b70686f6e657c733a31313a223039303138383138323833223b6572726f727c733a32333a22506c6561736520666f6c6c6f77207468652072756c6573223b5f5f63695f766172737c613a313a7b733a353a226572726f72223b733a333a226e6577223b7d),
('93g69fit0r7n04crq1sdao9tq21hdr46', '::1', 1570950959, 0x5f5f63695f6c6173745f726567656e65726174657c693a313537303935303935393b757365726e616d657c733a363a226d656d626572223b747970657c733a363a226d656d626572223b66756c6c6e616d657c733a363a226d656d626572223b70686f6e657c733a31313a223039303138383138323833223b),
('98p799b5psdaq0rnhc239fqvbmbga91d', '::1', 1570897705, 0x5f5f63695f6c6173745f726567656e65726174657c693a313537303839373730353b757365726e616d657c733a353a2261646d696e223b69645f677275707c733a313a2231223b66756c6c6e616d657c733a353a2261646d696e223b70686f6e657c733a31313a223038313731333133323332223b),
('99jjfj7r3s3m5sb1lln5gqfroj3923la', '::1', 1570897383, 0x5f5f63695f6c6173745f726567656e65726174657c693a313537303839373338333b757365726e616d657c733a363a226d656d626572223b69645f677275707c733a313a2232223b66756c6c6e616d657c733a363a226d656d626572223b70686f6e657c733a31313a223039303138383138323833223b6572726f727c733a31383a2270726f64756374206e6f7420666f756e6421223b5f5f63695f766172737c613a313a7b733a353a226572726f72223b733a333a226e6577223b7d),
('a2t71qri9e9lvfuto4qndpu342u2v7q2', '::1', 1570959096, 0x5f5f63695f6c6173745f726567656e65726174657c693a313537303935393039363b757365726e616d657c733a363a226d656d626572223b747970657c733a363a226d656d626572223b66756c6c6e616d657c733a363a226d656d626572223b70686f6e657c733a31313a223039303138383138323833223b636172745f636f6e74656e74737c613a333a7b733a31303a22636172745f746f74616c223b643a3439393030303b733a31313a22746f74616c5f6974656d73223b643a313b733a33323a223636353565666664373136623730386535363864656634343961383763313139223b613a373a7b733a323a226964223b733a31333a2235643832326161646231326562223b733a333a22717479223b643a313b733a353a227072696365223b643a3439393030303b733a343a226e616d65223b733a33303a224c6f6769746563682047333034204c69676874737065656420576972656c223b733a373a226f7074696f6e73223b613a313a7b733a343a226e6f7465223b733a363a226d656d626572223b7d733a353a22726f776964223b733a33323a223636353565666664373136623730386535363864656634343961383763313139223b733a383a22737562746f74616c223b643a3439393030303b7d7d),
('a8b4cctlqbiddnsl9ndk6v2fmmne4h5m', '::1', 1570898687, 0x5f5f63695f6c6173745f726567656e65726174657c693a313537303839383638373b),
('aur1epkn9o8hq5i9obivf1vg29kj5lhs', '192.168.1.8', 1570970722, 0x5f5f63695f6c6173745f726567656e65726174657c693a313537303937303731383b6572726f727c733a31393a22506c65617365204c6f67696e20466972737421223b5f5f63695f766172737c613a313a7b733a353a226572726f72223b733a333a226f6c64223b7d),
('b97as0p9lbh5tfvlqhar49n9n1156vq0', '::1', 1570900959, 0x5f5f63695f6c6173745f726567656e65726174657c693a313537303930303931363b757365726e616d657c733a353a2261646d696e223b747970657c733a353a2261646d696e223b66756c6c6e616d657c733a353a2261646d696e223b70686f6e657c733a31313a223038313731333133323332223b),
('bja73i0847k2e2v7l6aarh324fom8pop', '::1', 1570894800, 0x5f5f63695f6c6173745f726567656e65726174657c693a313537303839343830303b757365726e616d657c733a363a226d656d626572223b69645f677275707c733a313a2232223b66756c6c6e616d657c733a363a226d656d626572223b70686f6e657c733a31313a223039303138383138323833223b),
('c6e94c7uocbg2m46b2810o7hnssber2v', '::1', 1570897058, 0x5f5f63695f6c6173745f726567656e65726174657c693a313537303839373035383b757365726e616d657c733a363a226d656d626572223b69645f677275707c733a313a2232223b66756c6c6e616d657c733a363a226d656d626572223b70686f6e657c733a31313a223039303138383138323833223b6572726f727c733a31393a2270726f64756374206e6f7420666f756e642131223b5f5f63695f766172737c613a313a7b733a353a226572726f72223b733a333a226f6c64223b7d),
('d2d6h3muqdbsinqo824126osefjb8qmu', '::1', 1570955877, 0x5f5f63695f6c6173745f726567656e65726174657c693a313537303935353837373b757365726e616d657c733a363a226d656d626572223b747970657c733a363a226d656d626572223b66756c6c6e616d657c733a363a226d656d626572223b70686f6e657c733a31313a223039303138383138323833223b636172745f636f6e74656e74737c613a333a7b733a31303a22636172745f746f74616c223b643a33313030303b733a31313a22746f74616c5f6974656d73223b643a313b733a33323a223432396331663234313233303764653536623132663365323235386561653262223b613a373a7b733a323a226964223b733a31333a2235643964653336663965366263223b733a333a22717479223b643a313b733a353a227072696365223b643a33313030303b733a343a226e616d65223b733a31383a22436f62612065646974207465726465697432223b733a373a226f7074696f6e73223b613a313a7b733a343a226e6f7465223b733a313a2261223b7d733a353a22726f776964223b733a33323a223432396331663234313233303764653536623132663365323235386561653262223b733a383a22737562746f74616c223b643a33313030303b7d7d),
('d9fj61k6kohd27npe5co1rqu2r7uhf2r', '::1', 1570955514, 0x5f5f63695f6c6173745f726567656e65726174657c693a313537303935353531343b757365726e616d657c733a353a2261646d696e223b747970657c733a353a2261646d696e223b66756c6c6e616d657c733a353a2261646d696e223b70686f6e657c733a31313a223038313731333133323332223b737563636573737c733a32303a227375636365737320636f6e6669726d6174696f6e223b5f5f63695f766172737c613a313a7b733a373a2273756363657373223b733a333a226f6c64223b7d),
('dpue0df94410oi4p4k4vf695b8fshk7j', '::1', 1570954298, 0x5f5f63695f6c6173745f726567656e65726174657c693a313537303935343239383b757365726e616d657c733a353a2261646d696e223b747970657c733a353a2261646d696e223b66756c6c6e616d657c733a353a2261646d696e223b70686f6e657c733a31313a223038313731333133323332223b),
('fg8hs166ifemgpirri2lmkoq3lhjejko', '::1', 1570900651, 0x5f5f63695f6c6173745f726567656e65726174657c693a313537303930303635313b757365726e616d657c733a363a226d656d626572223b747970657c733a363a226d656d626572223b66756c6c6e616d657c733a363a226d656d626572223b70686f6e657c733a31313a223039303138383138323833223b737563636573737c733a36323a22436865636b6f7574207375636365737321506c656173652070617920666972737421207468656e2075706c6f61642070726f6f6620696e2070686f746f21223b5f5f63695f766172737c613a313a7b733a373a2273756363657373223b733a333a226f6c64223b7d),
('fpoqsjqhsnubor549c9on1u38j5k6gns', '::1', 1571065504, 0x5f5f63695f6c6173745f726567656e65726174657c693a313537313036353435363b757365726e616d657c733a353a2261646d696e223b747970657c733a353a2261646d696e223b66756c6c6e616d657c733a353a2261646d696e223b70686f6e657c733a31313a223038313731333133323332223b6572726f727c733a32303a22506c65617365206c6f676f757420666972737421223b5f5f63695f766172737c613a313a7b733a353a226572726f72223b733a333a226f6c64223b7d),
('gln7r0jlaiqqlvnq36qrhacug1alprfp', '::1', 1570953986, 0x5f5f63695f6c6173745f726567656e65726174657c693a313537303935333938363b757365726e616d657c733a353a2261646d696e223b747970657c733a353a2261646d696e223b66756c6c6e616d657c733a353a2261646d696e223b70686f6e657c733a31313a223038313731333133323332223b6572726f727c733a31383a22796f7520617265206e6f742061646d696e21223b5f5f63695f766172737c613a313a7b733a353a226572726f72223b733a333a226f6c64223b7d),
('if8onav48m6flgbf67eocn4367pi2gpq', '::1', 1570947917, 0x5f5f63695f6c6173745f726567656e65726174657c693a313537303934373931373b757365726e616d657c733a363a226d656d626572223b747970657c733a363a226d656d626572223b66756c6c6e616d657c733a363a226d656d626572223b70686f6e657c733a31313a223039303138383138323833223b6572726f727c733a31383a22796f7520617265206e6f742061646d696e21223b5f5f63695f766172737c613a313a7b733a353a226572726f72223b733a333a226f6c64223b7d),
('ijarjptphu9l229caq99im0chq5q3550', '::1', 1570956189, 0x5f5f63695f6c6173745f726567656e65726174657c693a313537303935363138393b757365726e616d657c733a363a226d656d626572223b747970657c733a363a226d656d626572223b66756c6c6e616d657c733a363a226d656d626572223b70686f6e657c733a31313a223039303138383138323833223b636172745f636f6e74656e74737c613a343a7b733a31303a22636172745f746f74616c223b643a3233313030303b733a31313a22746f74616c5f6974656d73223b643a323b733a33323a223432396331663234313233303764653536623132663365323235386561653262223b613a373a7b733a323a226964223b733a31333a2235643964653336663965366263223b733a333a22717479223b643a313b733a353a227072696365223b643a33313030303b733a343a226e616d65223b733a31383a22436f62612065646974207465726465697432223b733a373a226f7074696f6e73223b613a313a7b733a343a226e6f7465223b733a313a2261223b7d733a353a22726f776964223b733a33323a223432396331663234313233303764653536623132663365323235386561653262223b733a383a22737562746f74616c223b643a33313030303b7d733a33323a226133323038633932373630653062313561346666323861356231383431376635223b613a373a7b733a323a226964223b733a31333a2235643832326132613166616461223b733a333a22717479223b643a313b733a353a227072696365223b643a3230303030303b733a343a226e616d65223b733a31353a224a424c20474f202d204b756e696e67223b733a373a226f7074696f6e73223b613a313a7b733a343a226e6f7465223b733a313a2261223b7d733a353a22726f776964223b733a33323a226133323038633932373630653062313561346666323861356231383431376635223b733a383a22737562746f74616c223b643a3230303030303b7d7d),
('l6um788tr828v4rugr9r9uli8qqarj7n', '::1', 1570957542, 0x5f5f63695f6c6173745f726567656e65726174657c693a313537303935373534323b757365726e616d657c733a363a226d656d626572223b747970657c733a363a226d656d626572223b66756c6c6e616d657c733a363a226d656d626572223b70686f6e657c733a31313a223039303138383138323833223b636172745f636f6e74656e74737c613a333a7b733a31303a22636172745f746f74616c223b643a3439393030303b733a31313a22746f74616c5f6974656d73223b643a313b733a33323a223636353565666664373136623730386535363864656634343961383763313139223b613a373a7b733a323a226964223b733a31333a2235643832326161646231326562223b733a333a22717479223b643a313b733a353a227072696365223b643a3439393030303b733a343a226e616d65223b733a33303a224c6f6769746563682047333034204c69676874737065656420576972656c223b733a373a226f7074696f6e73223b613a313a7b733a343a226e6f7465223b733a363a226d656d626572223b7d733a353a22726f776964223b733a33323a223636353565666664373136623730386535363864656634343961383763313139223b733a383a22737562746f74616c223b643a3439393030303b7d7d6572726f727c733a3134393a22506c6561736520666f6c6c6f772072756c6573213c703e546865205374726565742041646472657373206669656c642069732072657175697265642e3c2f703e0a3c703e5468652050726f76696e6365204e616d65206669656c642069732072657175697265642e3c2f703e0a3c703e5468652043697479204e616d65206669656c642069732072657175697265642e3c2f703e0a223b5f5f63695f766172737c613a313a7b733a353a226572726f72223b733a333a226f6c64223b7d),
('ldtna85cm7qf6qk1rtp3m3hjgm7sqe3g', '::1', 1570950357, 0x5f5f63695f6c6173745f726567656e65726174657c693a313537303935303335373b757365726e616d657c733a363a226d656d626572223b747970657c733a363a226d656d626572223b66756c6c6e616d657c733a363a226d656d626572223b70686f6e657c733a31313a223039303138383138323833223b),
('m0qnfndj1pf7gegr6rtfnushnl6geq7e', '::1', 1570946457, 0x5f5f63695f6c6173745f726567656e65726174657c693a313537303934363435373b),
('o3ptb1vre23u7vt6589p9d8onto827pq', '::1', 1570896362, 0x5f5f63695f6c6173745f726567656e65726174657c693a313537303839363336323b757365726e616d657c733a363a226d656d626572223b69645f677275707c733a313a2232223b66756c6c6e616d657c733a363a226d656d626572223b70686f6e657c733a31313a223039303138383138323833223b6572726f727c733a31383a2270726f64756374206e6f7420666f756e6421223b5f5f63695f766172737c613a313a7b733a353a226572726f72223b733a333a226e6577223b7d),
('o97qbmasobr7l2j72qgko5c118d90kii', '::1', 1570895422, 0x5f5f63695f6c6173745f726567656e65726174657c693a313537303839353432323b757365726e616d657c733a363a226d656d626572223b69645f677275707c733a313a2232223b66756c6c6e616d657c733a363a226d656d626572223b70686f6e657c733a31313a223039303138383138323833223b),
('otejvpiemje4trp53evmm9rlm73dpb05', '::1', 1570946763, 0x5f5f63695f6c6173745f726567656e65726174657c693a313537303934363736333b757365726e616d657c733a353a2261646d696e223b747970657c733a353a2261646d696e223b66756c6c6e616d657c733a353a2261646d696e223b70686f6e657c733a31313a223038313731333133323332223b),
('pk000uc11la28c2099i5f5gutqa2qqqq', '::1', 1570951399, 0x5f5f63695f6c6173745f726567656e65726174657c693a313537303935313339393b757365726e616d657c733a363a226d656d626572223b747970657c733a363a226d656d626572223b66756c6c6e616d657c733a363a226d656d626572223b70686f6e657c733a31313a223039303138383138323833223b),
('s5bjai6n96lgkrri2jvj0op62n8as2mu', '::1', 1570960285, 0x5f5f63695f6c6173745f726567656e65726174657c693a313537303936303238353b757365726e616d657c733a363a226d656d626572223b747970657c733a363a226d656d626572223b66756c6c6e616d657c733a363a226d656d626572223b70686f6e657c733a31313a223039303138383138323833223b),
('sk93g1oqcv3lerg24u9p9vienjnueitg', '::1', 1570945805, 0x5f5f63695f6c6173745f726567656e65726174657c693a313537303934353830353b),
('t36v9aht5iso64tmo1qgnu9u7m0sm1ut', '::1', 1570894476, 0x5f5f63695f6c6173745f726567656e65726174657c693a313537303839343437363b757365726e616d657c733a363a226d656d626572223b69645f677275707c733a313a2232223b66756c6c6e616d657c733a363a226d656d626572223b70686f6e657c733a31313a223039303138383138323833223b),
('tt1s8khrf7k1dmbs38dgko7j9rg5cjui', '::1', 1570960498, 0x5f5f63695f6c6173745f726567656e65726174657c693a313537303936303238363b757365726e616d657c733a353a2261646d696e223b747970657c733a353a2261646d696e223b66756c6c6e616d657c733a353a2261646d696e223b70686f6e657c733a31313a223038313731333133323332223b),
('u4gu9q8r62b03jc641vu7eskrd2kbogn', '::1', 1570945389, 0x5f5f63695f6c6173745f726567656e65726174657c693a313537303934353338393b),
('ufjq73jqcejf06gm29ooiva9aibjkvmn', '::1', 1570898178, 0x5f5f63695f6c6173745f726567656e65726174657c693a313537303839383137383b757365726e616d657c733a353a2261646d696e223b69645f677275707c733a313a2231223b66756c6c6e616d657c733a353a2261646d696e223b70686f6e657c733a31313a223038313731333133323332223b),
('v982j34tfbp2uce656t76en64eo4180d', '::1', 1570958181, 0x5f5f63695f6c6173745f726567656e65726174657c693a313537303935383138313b757365726e616d657c733a363a226d656d626572223b747970657c733a363a226d656d626572223b66756c6c6e616d657c733a363a226d656d626572223b70686f6e657c733a31313a223039303138383138323833223b636172745f636f6e74656e74737c613a333a7b733a31303a22636172745f746f74616c223b643a3439393030303b733a31313a22746f74616c5f6974656d73223b643a313b733a33323a223636353565666664373136623730386535363864656634343961383763313139223b613a373a7b733a323a226964223b733a31333a2235643832326161646231326562223b733a333a22717479223b643a313b733a353a227072696365223b643a3439393030303b733a343a226e616d65223b733a33303a224c6f6769746563682047333034204c69676874737065656420576972656c223b733a373a226f7074696f6e73223b613a313a7b733a343a226e6f7465223b733a363a226d656d626572223b7d733a353a22726f776964223b733a33323a223636353565666664373136623730386535363864656634343961383763313139223b733a383a22737562746f74616c223b643a3439393030303b7d7d6572726f727c733a33353a227468697320696e766f696365206964206973206e6f74206d61646520627920796f7521223b5f5f63695f766172737c613a313a7b733a353a226572726f72223b733a333a226e6577223b7d),
('vdhlchd3oi3td6t9a0jlkrr9e1vbpj02', '::1', 1570895729, 0x5f5f63695f6c6173745f726567656e65726174657c693a313537303839353732393b757365726e616d657c733a363a226d656d626572223b69645f677275707c733a313a2232223b66756c6c6e616d657c733a363a226d656d626572223b70686f6e657c733a31313a223039303138383138323833223b6572726f727c733a31383a2270726f64756374206e6f7420666f756e6421223b5f5f63695f766172737c613a313a7b733a353a226572726f72223b733a333a226f6c64223b7d),
('vv9ipus8smc4hf10jvanb1ci79nev3au', '::1', 1570948251, 0x5f5f63695f6c6173745f726567656e65726174657c693a313537303934383235313b757365726e616d657c733a363a226d656d626572223b747970657c733a363a226d656d626572223b66756c6c6e616d657c733a363a226d656d626572223b70686f6e657c733a31313a223039303138383138323833223b);

-- --------------------------------------------------------

--
-- Table structure for table `user`
--

CREATE TABLE `user` (
  `username` varchar(32) NOT NULL,
  `password` varchar(32) NOT NULL,
  `type` varchar(10) NOT NULL,
  `fullname` varchar(255) NOT NULL,
  `phone` varchar(255) NOT NULL
) ENGINE=InnoDB DEFAULT CHARSET=latin1;

--
-- Dumping data for table `user`
--

INSERT INTO `user` (`username`, `password`, `type`, `fullname`, `phone`) VALUES
('admin', 'admin', 'admin', 'admin', '08171313232'),
('benyaminfajri', 'ben', 'member', 'benyamin fajri', '023847234782'),
('benz', 'benz', 'member', 'benz', '0989032789327'),
('benz1', 'benz1', 'member', 'benyamin', '02934832748932'),
('coba', 'coba', 'member', 'coba', '1342'),
('coba2', 'coba2', 'member', 'coba2', '234829789'),
('coba3', 'coba3', 'member', 'coba3', '08982'),
('coba4', 'coba4', 'member', 'coba4', '08984'),
('member', 'member', 'member', 'member', '09018818283'),
('member2', 'member2', 'member', 'member2', '02834923784'),
('mike', 'mike', 'member', 'mike', '092389489323'),
('root', 'pemweb', 'member', 'root', '90284923');

--
-- Indexes for dumped tables
--

--
-- Indexes for table `invoice`
--
ALTER TABLE `invoice`
  ADD PRIMARY KEY (`id_invoice`),
  ADD KEY `fk_invoice_user` (`username`);

--
-- Indexes for table `orders`
--
ALTER TABLE `orders`
  ADD PRIMARY KEY (`id_order`),
  ADD KEY `fk_order_invoice` (`id_invoice`),
  ADD KEY `fk_order_product` (`id_product`);

--
-- Indexes for table `product`
--
ALTER TABLE `product`
  ADD PRIMARY KEY (`id_product`);

--
-- Indexes for table `toko_session`
--
ALTER TABLE `toko_session`
  ADD PRIMARY KEY (`id`),
  ADD KEY `ci_sessions_timestamp` (`timestamp`);

--
-- Indexes for table `user`
--
ALTER TABLE `user`
  ADD PRIMARY KEY (`username`),
  ADD KEY `fk_user_grup` (`type`);

--
-- AUTO_INCREMENT for dumped tables
--

--
-- AUTO_INCREMENT for table `invoice`
--
ALTER TABLE `invoice`
  MODIFY `id_invoice` int(11) NOT NULL AUTO_INCREMENT, AUTO_INCREMENT=26;

--
-- AUTO_INCREMENT for table `orders`
--
ALTER TABLE `orders`
  MODIFY `id_order` int(11) NOT NULL AUTO_INCREMENT, AUTO_INCREMENT=23;

--
-- Constraints for dumped tables
--

--
-- Constraints for table `invoice`
--
ALTER TABLE `invoice`
  ADD CONSTRAINT `fk_invoice_user` FOREIGN KEY (`username`) REFERENCES `user` (`username`);

--
-- Constraints for table `orders`
--
ALTER TABLE `orders`
  ADD CONSTRAINT `fk_order_invoice` FOREIGN KEY (`id_invoice`) REFERENCES `invoice` (`id_invoice`) ON DELETE CASCADE ON UPDATE CASCADE,
  ADD CONSTRAINT `fk_order_product` FOREIGN KEY (`id_product`) REFERENCES `product` (`id_product`);
COMMIT;

/*!40101 SET CHARACTER_SET_CLIENT=@OLD_CHARACTER_SET_CLIENT */;
/*!40101 SET CHARACTER_SET_RESULTS=@OLD_CHARACTER_SET_RESULTS */;
/*!40101 SET COLLATION_CONNECTION=@OLD_COLLATION_CONNECTION */;
